epoch,lr,train_loss,train_delta_mse,train_ee_mse,train_ee_dist,train_delta_abs,val_loss,val_delta_mse,val_ee_mse,val_ee_dist,val_delta_abs
1,0.0004995165484649266,0.1770690860179793,0.0009595085876532087,0.017610957963439096,0.1828035293381755,0.020143814791901773,0.9883414268493652,0.0005740824446547777,0.09877673685550689,0.5385500669479371,0.01714982483536005
2,0.000498068101822047,0.06824661947849418,0.0007564612146283054,0.006749015947130798,0.11821857495468203,0.016018493672316315,0.6273039221763611,0.0006757930532330647,0.06266281455755233,0.42708114385604856,0.020280042104423045
3,0.0004956603764285286,0.05511751936889496,0.000712695941935536,0.005440482243645091,0.10386987712954272,0.015199693663343162,0.9578336477279663,0.000615002607810311,0.09572187066078186,0.5319715738296509,0.018585150875151158
4,0.0004923028744765144,0.045958454728502185,0.00069913877851228,0.004525931571618098,0.1013183730865727,0.015003636573292628,0.6406890034675599,0.000653822923777625,0.06400351822376252,0.43208631277084353,0.019582919590175153
5,0.0004880088464923125,0.04513886505190064,0.0006758227216533753,0.004446304289764967,0.0900836704658861,0.014619443831699235,0.5458706140518188,0.0007585223414935171,0.05451120734214783,0.398932683467865,0.021532692201435565
6,0.0004827952390426215,0.03243404147880418,0.0006586853835434348,0.003177535647776823,0.08575103037497576,0.013868241116968022,0.7833552122116089,0.0007526345551013946,0.0782602608203888,0.48156251907348635,0.02120941486209631
7,0.0004766826278541747,0.026078586584004033,0.0006333393379341529,0.0025445247458356643,0.07288687907848038,0.013731947207839048,0.6796054840087891,0.0006548337667481973,0.06789506673812866,0.4501778483390808,0.0182881947606802
8,0.00046969513661074643,0.02394897539262511,0.0006180962380373991,0.002333087945443054,0.0723559151114035,0.013406909595267111,0.2962081789970398,0.0004607655791915022,0.029574741423130036,0.2968177556991577,0.014681178145110607
9,0.0004618603417479936,0.023184227655414773,0.0006147942069463996,0.002256943328705217,0.07050300921712603,0.013449162377842836,0.15848475694656372,0.0003299141913885251,0.01581548433750868,0.2073150873184204,0.01267334707081318
10,0.000453209163621862,0.022884677469479937,0.0005932823562125887,0.0022291395081473248,0.07389648527908727,0.013262897432476533,0.10772752687335015,0.0003402806731173769,0.010738724563270807,0.16494852006435395,0.012709190882742406
11,0.00044377574448006824,0.016272520654279143,0.000577224199386204,0.0015695296225975417,0.06239617102536835,0.013230002508694385,0.11665263548493385,0.00035955227504018693,0.011629308201372623,0.17033985257148743,0.013255822472274303
12,0.0004335973137182457,0.007112900569972371,0.0005627367043859881,0.0006550163824987762,0.04071668757736182,0.013230651710965052,0.11583495959639549,0.00038645566091872753,0.011544850142672657,0.15981567203998565,0.013820973597466946
13,0.0004227140409525286,0.010490349713055527,0.0005536380276757003,0.0009936711510267703,0.04574448139477177,0.013145051771352272,0.1362856462597847,0.00044622818240895866,0.01358394236303866,0.17252119779586791,0.014768130332231521
14,0.0004111688774884289,0.005629879115305904,0.0005371361279257518,0.0005092742894932691,0.03289863321648425,0.012465233444979712,0.15748231187462808,0.0005111936246976256,0.01569711184129119,0.18872073888778687,0.015676860883831977
15,0.0003990073868116559,0.0036686388267000683,0.0005255132182814306,0.0003143125644125858,0.026650708653971927,0.012407028171069482,0.1659637361764908,0.000556897686328739,0.016540683433413507,0.1948824018239975,0.016295867413282393
16,0.00038627756476985407,0.005721149778290957,0.0005244513625815167,0.0005196698456063491,0.0339179102237485,0.01251397266232667,0.17593827620148658,0.0006098470184952021,0.01753284353762865,0.2025504320859909,0.017003793269395828
17,0.00037302965015492017,0.004438253659598467,0.0005178102018202052,0.0003920443499844302,0.028213414668786425,0.01263433085175372,0.15529387965798377,0.0006693059578537941,0.015462457574903965,0.18641796410083772,0.017716595157980918
18,0.00035931592643344274,0.003813231600636319,0.0005131497411272575,0.00033000819267658125,0.02777235230290088,0.012635155314845698,0.161583561450243,0.0007275391370058059,0.0160856026224792,0.19109442532062532,0.018498240783810616
19,0.00034519051540774604,0.004517545489234333,0.0005132473693150995,0.00040042981116038533,0.030010389148437677,0.012533115958716689,0.1772410862147808,0.0008109014481306076,0.017643018811941146,0.20335420370101928,0.019586141407489776
20,0.00033070916362186204,0.0027272020732717855,0.0005049629857423206,0.0002222239103915655,0.02244432777667246,0.012375011057945109,0.17324007600545882,0.000870275916531682,0.017236979492008687,0.19917619228363037,0.020194210484623908
21,0.0003159290223553893,0.0028099401916588554,0.0005035137360477272,0.0002306426442159778,0.021776521531473688,0.012234953177325866,0.16761989369988442,0.0008902593399398029,0.01667296336963773,0.19511960744857787,0.020318492874503137
22,0.00030090842207350246,0.006455801286492027,0.0005073804863701191,0.0005948420771996357,0.03531527766535262,0.012379226149568538,0.18192821592092515,0.0009593261172994971,0.018096889182925225,0.20613996386528016,0.021124163642525673
23,0.0002857066422232545,0.00834370797750454,0.0005130037426177663,0.0007830704102574402,0.04091965721747955,0.012468273829700066,0.15694373324513436,0.0010002463590353728,0.015594349149614573,0.18718845248222352,0.02155500128865242
24,0.0002703836772846817,0.003889303920524461,0.0004946093333977032,0.00033946945566777924,0.027024286196512336,0.012330483723463131,0.15963315069675446,0.0010579010238870978,0.015857524890452623,0.18901670575141907,0.022140133380889892
25,0.0002549999999999999,0.0025365955035883086,0.0004897203781649846,0.0002046875107080574,0.021542027639616438,0.01216380309094401,0.17603563517332077,0.0010828255442902445,0.017495280876755715,0.2023458242416382,0.022266604378819464
26,0.00023961632271531812,0.002953829922705513,0.0004888781678506776,0.0002464951783224956,0.022334113231852276,0.01195904950634772,0.17581431791186333,0.0011470581637695431,0.017466726060956717,0.20161173045635222,0.022931250184774397
27,0.00022429335777674538,0.002514880948833057,0.00048734038332555474,0.00020275405557247019,0.02089960904431944,0.01198626307285383,0.15812310576438904,0.0011409374419599771,0.015698217321187258,0.18818367421627044,0.02276119142770767
28,0.00020909157792649738,0.002774051347543963,0.00048191871708298117,0.0002292132649782012,0.02271942695712342,0.0118394247764925,0.16727559939026831,0.001161893899552524,0.016611370351165534,0.19539462625980378,0.02291024662554264
29,0.0001940709776446105,0.0021583152183589816,0.000478970687132047,0.00016793445445559998,0.019566595992621255,0.011970076686507012,0.162371726334095,0.0011643458856269717,0.01612073788419366,0.19161880612373353,0.022819772735238074
30,0.0001792908363781379,0.003677472221751173,0.0004909965364964867,0.0003186475775134163,0.026421580557562725,0.01215028712729446,0.1665874794125557,0.0012531218817457557,0.016533435508608817,0.19363996386528015,0.023787036910653113
31,0.0001648094845922539,0.0033697910692949756,0.0004766760198321162,0.0002893115022804729,0.02615636687318818,0.011910255129660378,0.1736994132399559,0.0012577626854181289,0.017244165204465388,0.19982194304466247,0.023763295263051987
32,0.00015068407356655714,0.0027882227255422777,0.0004761644730543984,0.00023120582400148093,0.022865861998636182,0.011857319615405648,0.16992888301610948,0.0012610903475433588,0.016866779420524836,0.19691126346588134,0.023848309740424158
33,0.00013697034984507968,0.0025352594489623016,0.0004776421016739572,0.00020576173260107542,0.02183449437387851,0.011917924109314169,0.1783652864396572,0.0013130558421835304,0.017705222871154547,0.20303092896938324,0.024230112507939338
34,0.00012372243523014573,0.002666490323677221,0.0004760513743463935,0.00021904389793517954,0.021708386128439623,0.011796942293769172,0.17169575095176698,0.0012623394606634975,0.017043341137468814,0.1989072382450104,0.02380051724612713
35,0.00011099261318834406,0.0031999372857614977,0.0004763944344027672,0.00027235428692123405,0.024739812996958484,0.011723388002074066,0.17259808480739594,0.0013190993573516606,0.017127898521721363,0.1989096850156784,0.024383191764354707
36,9.883112251157097e-05,0.0025978877528046234,0.00047545747730211833,0.00021224302877310053,0.02114144011455424,0.011867215946911513,0.1663709945976734,0.00132969762198627,0.016504130605608226,0.19432441592216493,0.02440657988190651
37,8.728595904747123e-05,0.0019356324034156044,0.000472381101782285,0.00014632513248674696,0.017891034421299686,0.011728255790384376,0.17967073619365692,0.0013505482347682118,0.017832018435001373,0.2042673945426941,0.02459113523364067
38,7.64026862817542e-05,0.0034737409984677277,0.00047109000866121353,0.00030026510037470044,0.023612543564884604,0.011591906612347654,0.1727048598229885,0.0013460345333442092,0.017135882563889027,0.19924550354480744,0.02453630045056343
39,6.622425551993164e-05,0.0024921738341090686,0.0004708626495376855,0.000202131115687383,0.01963151538228037,0.011683439530682665,0.17062249034643173,0.0013498556800186634,0.016927263420075177,0.19806973934173583,0.024527112767100335
40,5.679083637813788e-05,0.0027531864974616456,0.00047617182433957377,0.00022770146992910623,0.022248797071706346,0.01188235287750218,0.1679045043885708,0.0013629989698529243,0.016654150653630496,0.19550586938858033,0.024685051292181015
41,4.813965825200634e-05,0.0016763195270249824,0.00046641070360490004,0.00012099088786929032,0.01609274571244957,0.011554839653002113,0.17202530205249786,0.0013700610492378474,0.01706552328541875,0.19882277846336366,0.02473563067615032
42,4.030486338925341e-05,0.0015885412356495356,0.0004671725051716252,0.00011213687348801705,0.0156817391608693,0.011561612950778809,0.17163134515285491,0.0013637117110192776,0.01702676387503743,0.19875656962394714,0.024657174199819564
43,3.331737214582525e-05,0.0029770081408885345,0.00047002574883816184,0.00025069824333827037,0.020447823430309778,0.011644875732477472,0.1717589221894741,0.0013856560690328479,0.017037325911223887,0.19847555756568908,0.024879852682352065
44,2.7204760957378414e-05,0.0018598323007028143,0.00046860813965410493,0.00013912241863617048,0.017399157342665336,0.011640222782284772,0.1722106732428074,0.0013766409130766988,0.017083403281867506,0.19920462369918823,0.02478099465370178
45,2.1991153507687383e-05,0.0025164333794328595,0.00047096983601041764,0.00020454635878118976,0.019099823347911115,0.0116873734294116,0.1721040427684784,0.0013848058180883527,0.017071922961622476,0.19896846115589142,0.024853475391864777
46,1.769712552348541e-05,0.002232875586917796,0.0004722400991042622,0.00017606354787644436,0.018446432191784642,0.011778383727083687,0.1724933698773384,0.0013865307439118624,0.017110683396458624,0.19932348132133484,0.024870258569717408
47,1.4339623571471263e-05,0.001537936186895338,0.0004642456632984035,0.00010736905304448945,0.014834471860853564,0.011622559748777822,0.17023395150899887,0.0013906931038945914,0.01688432591035962,0.19761330783367156,0.024902672693133353
48,1.1931898177952948e-05,0.003108524948264621,0.0004751040612957871,0.00026334208637346834,0.022249083621662204,0.011850503711577724,0.16948790848255157,0.0013932261615991592,0.01680946834385395,0.1970041126012802,0.024934590607881547
49,1.0483451535073469e-05,0.002364346311435479,0.0004696966723163276,0.00018946495903274357,0.01934039661613833,0.011631207407585211,0.1687371961772442,0.0013970709405839443,0.016734012123197316,0.19629898965358733,0.024974261224269868
50,1e-05,0.0016681902441235276,0.00046289533385498246,0.00012052949058357138,0.016059874674352277,0.011534513999559298,0.1702195130288601,0.0013995507266372441,0.016881996300071478,0.19746516942977904,0.024996719509363174
