epoch,lr,train_loss,train_delta_mse,train_q_mse,train_ee_mse,train_terminal_ee_mse,train_ee_dist,train_terminal_ee_dist,train_delta_abs,train_q_abs,train_smooth,train_joint_limit,train_fk_consistency,train_goal,val_loss,val_delta_mse,val_q_mse,val_ee_mse,val_terminal_ee_mse,val_ee_dist,val_terminal_ee_dist,val_delta_abs,val_q_abs,val_smooth,val_joint_limit,val_fk_consistency,val_goal
1.0,0.00029992845125303107,0.1245668550460286,0.00580873349648985,0.027098704117765236,0.007550081558255448,0.009901358038641592,0.10902282440342446,0.12825305149810545,0.019128361684414567,0.07145685785219298,7.523252199598236e-05,5.902094417384616e-06,0.0,0.0,0.07085294447854527,0.005632065925756698,0.021274343721848173,0.0039032966246328425,0.005183023336910276,0.07268327196724102,0.08546006569608314,0.01685667111629956,0.05864518475489783,3.1884911986260885e-05,3.823251640923189e-06,0.0,0.0
2.0,0.00029971387562209936,0.06099576478651738,0.00544501068051367,0.017741265178539,0.003387311634734319,0.004268078552296539,0.06583671472621154,0.07791221976784171,0.01790882753914109,0.05819262983384818,4.967890165620133e-05,1.4262111028333512e-05,0.0,0.0,0.07371260894683847,0.005662514387800971,0.023033031485268664,0.004229027615572883,0.004747158769264313,0.06432230672875389,0.0721386831986611,0.01788125196700824,0.057699096091396986,3.407564617057195e-05,6.0369505527068e-06,0.0,0.0
3.0,0.00029935648486744657,0.04902739334558481,0.005281513045720189,0.014496362699630503,0.0026673281507085997,0.0032740612910719708,0.055844407221300005,0.06543980195522767,0.017075833051302954,0.05163526641743751,4.27395234186282e-05,4.829967411980398e-06,0.0,0.0,0.055652181276303454,0.005468095037754285,0.018503382600906886,0.003137607138520908,0.0031845401449200074,0.05781195686794207,0.06107582614497572,0.016768902381805735,0.05159492526569816,5.339522475297286e-05,1.651894326975463e-06,0.0,0.0
4.0,0.00029885663169059926,0.040225947572597474,0.005150382624550108,0.012583356682338105,0.002143121503688485,0.0024498071221728045,0.04815632242794346,0.05519009158759736,0.016410171901871617,0.0470870706784154,6.256308352408555e-05,6.093016670970944e-06,0.0,0.0,0.06197658460587263,0.005545075662264368,0.02041587559494369,0.003435156357257062,0.003956420515753619,0.05630680791972602,0.06550422732214459,0.01581324529490571,0.048815516209168755,5.350597974133738e-05,3.637410920695335e-06,0.0,0.0
5.0,0.0002982148093862949,0.03207550855229871,0.005027714127373087,0.010601190615339429,0.0016562554848616857,0.0017270788001348752,0.041229292161451554,0.046003221192254244,0.015628489550912256,0.04289234035975072,6.557586517635601e-05,6.457968319535761e-06,0.0,0.0,0.05792052184325093,0.0054958260251936975,0.019209606293875144,0.0032852834829696564,0.0033212339191076817,0.04996026230243142,0.05808200424567598,0.01624535163482804,0.04983445955440402,6.525854125364456e-05,4.595059431974025e-06,0.0,0.0
6.0,0.0002974316513556598,0.030966767516653376,0.00497978420536878,0.010349229237533841,0.001632232301601963,0.00149553711092111,0.04137849507988446,0.04477353385823096,0.015332645886844201,0.04178783662002529,6.658097787898536e-05,5.262175564571022e-06,0.0,0.0,0.041457512661181084,0.005352785150635696,0.016447259805422394,0.0021708310603154118,0.0020564838087607984,0.04014077789501333,0.044566053828438285,0.015656661756573338,0.045140698143723804,6.269610977052834e-05,1.0066484748632609e-05,0.0,0.0
7.0,0.0002965079304811183,0.028052637588815935,0.004935200684942802,0.009987236773716908,0.0014399452147762692,0.0012403008077783277,0.03771806329244411,0.04068874421522552,0.015035715947739442,0.04042091622066718,6.650757153443319e-05,6.941820949115882e-06,0.0,0.0,0.06225726315675334,0.005518052432210827,0.02173832415738601,0.0033867415442698267,0.00400020148599204,0.04857070537925255,0.059886100442438826,0.014754228618331864,0.04870522531421214,3.934400935622016e-05,3.002973436899066e-06,0.0,0.0
8.0,0.00029544455836365144,0.024820611049076808,0.004880930291651891,0.009616087937260836,0.0012200219035191572,0.0009760260108016982,0.03484809946516004,0.03751435735681226,0.014747597552051368,0.038986440319419974,6.378069426507206e-05,7.537959195847124e-06,0.0,0.0,0.06083581673141691,0.005522014624714712,0.02164227232579371,0.0032556306973450864,0.0039778784822806675,0.053936049090240336,0.06645209104830369,0.015422569122165442,0.05020798338943573,4.991912846964594e-05,1.1387864322068833e-05,0.0,0.0
9.0,0.0002942425844231567,0.029328081722946587,0.004945114195349398,0.010127371974177745,0.0014060180761443096,0.0017517770813340657,0.036323718710409014,0.04193474950620586,0.014778115838391946,0.03917111328209085,7.275671863950898e-05,6.579765712704485e-06,0.0,0.0,0.04607201615428613,0.005310694791846725,0.018112279476762985,0.0024705781595644035,0.002331835858266921,0.046222799549215154,0.051444870702250574,0.01553892256066081,0.04742705817410692,6.0313276140941077e-05,4.3823034346554216e-05,0.0,0.0
10.0,0.0002929031948627972,0.02168002378700438,0.004823403701573575,0.00855178662076833,0.0009835761681225561,0.0009136692025285198,0.03169973191449406,0.034551087571219725,0.014218395830246842,0.03621662018690359,7.63999667210172e-05,6.881845434431848e-06,0.0,0.0,0.03862742566957795,0.005139442835265013,0.015511793340771024,0.0020471724726762583,0.0017519558759140936,0.04766635524994526,0.05195402712026825,0.01396575137079678,0.04036375182512842,8.3303068848062e-05,1.6409139723386864e-05,0.0,0.0
11.0,0.00029142771149836264,0.024415207833964152,0.004851967053511878,0.008949740028463146,0.0011169053510042843,0.0013048949372774987,0.0329569768253165,0.037057952980658594,0.014271201542715842,0.036510119598827516,8.931101518775898e-05,8.346770323963386e-06,0.0,0.0,0.03840478867212249,0.005105552565532517,0.014546061842249073,0.0020170922806323315,0.001950213154725402,0.04374434037103516,0.05487043786885553,0.014104965167715535,0.04136878678758369,9.211289187108183e-05,1.800517843351877e-06,0.0,0.0
12.0,0.00028981759045379636,0.021059954682051994,0.004785472668747883,0.00850698018884785,0.0009405573209376592,0.0008702623846866964,0.030396237778982045,0.03292775468467948,0.013888784161907967,0.03486900156029304,9.084260610993367e-05,4.466335793774749e-06,0.0,0.0,0.08431566484963338,0.005665644498344218,0.026204696864251822,0.004642030717657123,0.006375069298361477,0.04573784538804263,0.05950969337012436,0.012812673327986334,0.04575013688414312,3.5675935826057854e-05,1.862464129497567e-05,0.0,0.0
13.0,0.00028807442072417716,0.018736207576637052,0.004772571535202297,0.007870550608576082,0.0007804959019475557,0.0007395208642340561,0.029002471029273582,0.03145099172615376,0.013806032653384497,0.03428314690452614,9.337953106958271e-05,8.508326440941695e-06,0.0,0.0,0.044374957353403396,0.00523994500573564,0.01707935833432292,0.002382739078428608,0.0022543021387405804,0.038643706765514416,0.04316000286947753,0.015134231981317529,0.044221755498867546,9.801790388821961e-05,6.6899846952348005e-06,0.0,0.0
14.0,0.00028619992260757275,0.019912127571005318,0.0047716452621674324,0.00811897300102882,0.0008371416053417598,0.0009014761043119414,0.030104549974394004,0.03296609582532652,0.013849968274388592,0.034661234598182086,0.00010159001309335039,3.600322138159495e-06,0.0,0.0,0.0502879153126011,0.005256638061520461,0.017686535145495313,0.0026076826961500166,0.0033691336028540287,0.04321128629972456,0.053332088789978964,0.013750203992011116,0.04051731576471299,7.260345929077377e-05,7.568952956179936e-06,0.0,0.0
15.0,0.0002841959460073133,0.02155796850070094,0.004780608071274862,0.008460244546150334,0.000936817443257637,0.0010580163155221854,0.030189958228981406,0.033534412704887315,0.013735554189152316,0.03436545054388908,9.853294477404998e-05,4.4075186555957455e-06,0.0,0.0,0.05296913275569601,0.0053208831971713775,0.019300321462353286,0.002753370460461573,0.003487037227387191,0.03961922973394394,0.04675586129248631,0.012756808523516187,0.04014154436585844,6.439613747209135e-05,2.617295683805226e-06,0.0,0.0
16.0,0.00028206446860636015,0.016081143201317122,0.004708172631708196,0.0072940121177961425,0.0006209242510209765,0.0005037603493919012,0.025664847361817747,0.0271551071544725,0.013258899004889885,0.03175029328439882,0.00010573473006691716,7.712160282614875e-06,0.0,0.0,0.05130436319760505,0.005299328499456694,0.017688709366651536,0.002732086336332255,0.003277879877960451,0.03952220860929763,0.04481441108891588,0.01483024638069824,0.04249325416386738,0.00011441141795643727,2.2825688355836354e-05,0.0,0.0
17.0,0.0002798075939155718,0.016849012626657157,0.004723563775344398,0.007612016849704669,0.0006600672809631176,0.0005710951445936582,0.02625402013403527,0.027931879643687766,0.013314363512785853,0.03237102823935653,0.00010333264081747031,1.5782547933024598e-05,0.0,0.0,0.03671930239537777,0.005141317196264071,0.01591743154429304,0.0017137793617666086,0.002158763025616907,0.03516574902459979,0.044372771530732755,0.013522347990713526,0.039010059466341236,9.483673459756379e-05,2.228887872384651e-05,0.0,0.0
18.0,0.0002774275491977922,0.01660601563404271,0.004717169378392078,0.007318155335930785,0.0005882974392235758,0.0007803319345311055,0.026168946714133078,0.029170100369340115,0.01320583661223585,0.0316404811608434,0.00011291960272860313,7.624574566666892e-06,0.0,0.0,0.0341286283252631,0.005136782933650316,0.014506555872849575,0.0016350505884176647,0.0017941693860818498,0.035238639764548815,0.03617074339436825,0.01377555313062106,0.037070944153352596,0.00010986746269736614,3.0357669199783342e-06,0.0,0.0
19.0,0.00027492668326981143,0.016265553422152898,0.004711781985662072,0.00734509391808711,0.0006164092684378563,0.0005704369443471016,0.024819488562939414,0.026659016984450706,0.013083002916120839,0.031216670052954212,0.00011336112170858146,7.646332624882152e-06,0.0,0.0,0.026213853528864347,0.005051472211368387,0.013290076538217616,0.0012098609667355348,0.000804456882618621,0.028651184684856505,0.029692215490017514,0.01287437688185238,0.03463646020648665,0.00010676461494924416,1.1643822872728393e-06,0.0,0.0
20.0,0.00027230746418436733,0.017666529592884457,0.004725478687453527,0.007583084222131659,0.0007028422259855736,0.0007050492939438557,0.025736580227479978,0.02795350758629428,0.013020008044327387,0.03100581253302989,0.00011547392170474925,8.241598220257201e-06,0.0,0.0,0.025131390282128494,0.005014836344873372,0.01229980139736445,0.0011503495581087382,0.0008194356705345973,0.03360220432647916,0.03652770056190793,0.013212029464336753,0.03574377590347631,9.616901653488207e-05,2.1073947480058534e-06,0.0,0.0
21.0,0.00026957247679447504,0.015150144031030812,0.0046960654173871606,0.007171028831303396,0.0005450468679408537,0.0004708894615379777,0.023552695001959188,0.024680941489501517,0.01288956968682166,0.030271300889481007,0.00010635114189113812,5.477775268055217e-06,0.0,0.0,0.023905979182197116,0.005014069071205354,0.013005469309511504,0.0009415275006802881,0.0009894539866987454,0.023625608167198837,0.02791590674123803,0.012801088533959672,0.03429860008697285,0.00010743307852788378,8.346038824855594e-06,0.0,0.0
22.0,0.00026672442020248937,0.013168373646258988,0.004647813661981962,0.006775432828059284,0.00039564929431135635,0.00039004086397682864,0.020451892304296008,0.021873797844334686,0.012523837418582023,0.028620196771246026,0.00011531199048032381,2.3122234831461615e-05,0.0,0.0,0.025072949083729982,0.005035229724618878,0.013074269814423447,0.0010395318710282883,0.0010329931818305936,0.027029996333246837,0.03125545853886326,0.013138455779627576,0.03524550682956689,0.00010465872944901913,5.265849694844448e-05,0.0,0.0
23.0,0.00026376610509641656,0.015049262731945724,0.004671393535032514,0.007033044312075553,0.0005111697918027706,0.0005813366179452322,0.02271809969684374,0.02490394230232372,0.012677484235143833,0.0290410098021546,0.00010995874763074936,7.069597365618378e-06,0.0,0.0,0.03233802109383253,0.005182290039343928,0.015598287209882744,0.0014932063274843176,0.0014730900351811423,0.02705297925601118,0.03065221617761694,0.012950596504569908,0.035645834983280694,0.00010041361609697173,1.1729553883798284e-05,0.0,0.0
24.0,0.0002607004509761046,0.013256132632041555,0.004626704317238188,0.006612579147776437,0.00040732526428186933,0.0004147820941341004,0.021063376480082104,0.022623933264720817,0.0124505517730843,0.028110997424926967,0.0001101547997841748,1.6045195084312758e-06,0.0,0.0,0.03570945956171719,0.005100303397769301,0.01676038927296043,0.0016130434222028926,0.0020311973896509775,0.030362442097641894,0.03309095721905593,0.012913997977834622,0.037326042006006005,8.872755578239343e-05,2.4960450015589556e-05,0.0,0.0
25.0,0.0002575304832720493,0.014784269458407885,0.004668899032931954,0.00669318491873617,0.000483823552300694,0.0006416703177524252,0.022169657534524292,0.024790979271824776,0.012512370794410206,0.028271253092599594,0.00010667012196550411,9.89921322675011e-06,0.0,0.0,0.06268721446657331,0.005496804054402793,0.021184496740074867,0.0033958008313719965,0.004210446772228098,0.04343771429915653,0.05696348539080288,0.016507769909069003,0.04731300504130052,0.00017247684192744735,9.466400487056694e-06,0.0,0.0
26.0,0.0002542593303596598,0.01366515073516267,0.0046256767740668996,0.006590969667900254,0.00044270810134142884,0.00043697847811196905,0.022167712608469226,0.023755477574805922,0.012492666108084662,0.028384314269655916,0.00011439473644372724,1.2649790465005077e-05,0.0,0.0,0.030471362440859264,0.005096137490283105,0.01548066259428957,0.0013622791615951607,0.0013353704826676832,0.032386697080658104,0.034337942335815705,0.013051200320287684,0.03708961786946557,0.00011283455220467151,1.743148703382048e-05,0.0,0.0
27.0,0.00025089022047192943,0.012972056891164515,0.0046236941350690465,0.006657191327176014,0.0003976511815735842,0.0003458500725069579,0.020498718005967025,0.021414214160074767,0.012250532383013773,0.0273930064569314,0.00011315036174885399,2.3763638640582018e-06,0.0,0.0,0.03409600580448941,0.005109753054754395,0.015703125294450847,0.0015318001757999005,0.0019372485534941155,0.02796495868061043,0.03222780851990779,0.012277956078683988,0.03467531456825797,9.615954745007255e-05,6.700198906566543e-06,0.0,0.0
28.0,0.00024742647851355997,0.014562191414214191,0.004633681963781694,0.006491314919572157,0.0005183968860765787,0.0004977273402352969,0.021430371059551014,0.022454330451880056,0.012272899140859876,0.027419568830015353,0.00011133959817238454,6.706899792182291e-06,0.0,0.0,0.039401000346530414,0.005249669368483455,0.018169107017039082,0.0018762814270750644,0.0020995013339758814,0.03229931188503005,0.03580754583884702,0.013589451883415708,0.039045908079925376,9.98747763422544e-05,2.3278620684233502e-05,0.0,0.0
29.0,0.00024387152277968155,0.010288664318292822,0.004573785256018353,0.005958150990552272,0.00021464025374968917,0.0001945685548751092,0.017540938514655838,0.018611086437503956,0.011889979098199301,0.025716744685918284,0.00011284226855023781,2.6612849625833466e-06,0.0,0.0,0.029123021977701696,0.005085564580095617,0.014668040252724838,0.001216782011471848,0.0015095718749016968,0.02548905482256144,0.031202636995032184,0.013071748577859863,0.03382353417071529,0.00012621143163727777,2.950617005466543e-05,0.0,0.0
30.0,0.00024022886158240857,0.011674324253907123,0.004586200954761007,0.006086975841943099,0.00029102195478031924,0.00037610674811066274,0.017654998514294442,0.019457597541068034,0.011885557505759084,0.025489332389669665,0.00011935007701901247,6.405226849925685e-06,0.0,0.0,0.031645942909011356,0.005081262708642021,0.015373036764521814,0.0013652837449059962,0.0017397225429391016,0.026422483014461935,0.031433237861597636,0.01232791928570626,0.033134965951264396,0.00011320268603986868,2.4822767367779912e-05,0.0,0.0
31.0,0.0002365020897885589,0.013994536567202577,0.00462413324937253,0.0063671691659445435,0.00046918954730998245,0.000496375370588628,0.019966387470777055,0.021383974724073395,0.012046732132060846,0.026104282796318,0.00011488282052806055,2.65281941035069e-06,0.0,0.0,0.0398886184476232,0.005190193439144334,0.01756278972237344,0.001805076925206851,0.00262021134763092,0.031221174589190326,0.039485466662702744,0.013600280861461872,0.03936444784774155,0.00010813716014246118,1.1057469075992671e-05,0.0,0.0
32.0,0.00023269488527195444,0.011225825440448303,0.004584832819137062,0.00605886040035661,0.00027249845382110535,0.00029353750783133066,0.01899115586271087,0.020820133738332365,0.012059511336331647,0.02622267878952009,0.00011691497389042619,5.982054770036373e-06,0.0,0.0,0.03547807181703469,0.005158608235224612,0.01695923083138578,0.0015513751135973715,0.002106808033796951,0.026468154023874733,0.031489460566844485,0.011902798552134792,0.03303500868715956,0.00010300396129945302,2.6051750678388826e-05,0.0,0.0
33.0,0.0002288110052838038,0.012139548751702874,0.004590088669212313,0.006247198032798657,0.000308555555039758,0.0004447731785636976,0.017543250659794233,0.0198094482520987,0.011786195061778276,0.0254248891120274,0.00011815351761529738,3.918069320825632e-06,0.0,0.0,0.03297975098644574,0.005142186058317181,0.015500800400779375,0.0016018808971134826,0.0013541890407619487,0.028181905468895298,0.03066353556761121,0.012846310078128257,0.03486939045967015,0.00011334601043979434,6.063131733999609e-06,0.0,0.0
34.0,0.00022485428274474867,0.01101756681712111,0.004563402724648691,0.005873200849136837,0.00029482207993774303,0.0001877507550076879,0.01709925825940266,0.01747922125326619,0.011641287991429636,0.02462359837416484,0.00011730304374192963,1.1269455684946936e-05,0.0,0.0,0.027809604587077284,0.005070201427852375,0.014220838573147957,0.0012482913701608253,0.0010466423191395674,0.025556287354194237,0.028443388694317125,0.012317896854956864,0.03238780848246801,0.00011797067830297028,1.2306531736485283e-05,0.0,0.0
35.0,0.00022082862246223424,0.013175655368862513,0.004593521882496613,0.006201300161719835,0.000401088891733381,0.0004882351152798163,0.019557141103069966,0.021262566566413836,0.011811521707010551,0.025561698175281432,0.00011673167971272846,2.627084658223993e-06,0.0,0.0,0.034142389441229645,0.0051297904044680705,0.015941501289102024,0.001543492042341701,0.00186707955419449,0.029266447813601278,0.038207459858939294,0.012723974918862652,0.03532101442945785,0.00010800998811497326,1.445407480657741e-05,0.0,0.0
36.0,0.0002167379972769355,0.010128658629601663,0.00455642204777137,0.0056688510415968925,0.00021076939589322608,0.00020804994448941523,0.015744787576204382,0.01701820753142524,0.011518992367647961,0.023951954065860006,0.0001180066068354534,3.3447752108272448e-06,0.0,0.0,0.022140554315362843,0.004990755589736435,0.012222742332537041,0.0008941635719565966,0.0006969047236959684,0.020696623468405156,0.023299105350905267,0.012435852648255218,0.03158703617003487,0.00011871788108162976,7.0688818318696945e-06,0.0,0.0
37.0,0.00021258644414204314,0.010569033606797304,0.004556116077767279,0.005607908614132651,0.00023713237366849895,0.0002772321033254026,0.015396518863750945,0.016461111739986056,0.011358005571905205,0.023246333339971486,0.00011763203560854059,3.0776762732544703e-06,0.0,0.0,0.02907552950338987,0.0050459299440165925,0.01435787417036319,0.0013254704845912485,0.0011965220324096574,0.025966467793847692,0.025004438441399424,0.011974508322576885,0.03207188866055403,0.0001226487097539098,1.2888855822758579e-05,0.0,0.0
38.0,0.0002083780601392783,0.010637982603190684,0.004541836029218074,0.005684489512796326,0.00025807538262501514,0.0002223854194568137,0.01589123987290429,0.016644115418018194,0.011306079581061099,0.023278022422392016,0.00011823417115175186,4.00821172842207e-06,0.0,0.0,0.024545347041805412,0.005039275688830934,0.014488442220144712,0.0009302492507917212,0.0009842336684764855,0.021151372739190204,0.02440304454171755,0.01204823066583514,0.031851586505969164,0.00011936134932862157,3.441085484087111e-05,0.0,0.0
39.0,0.00020411699843556725,0.010657750161500328,0.004550271254731544,0.00582148351008848,0.0002579528172305735,0.00020376857222203018,0.015811865768950627,0.016652951593759683,0.01136410840477507,0.023557592225348128,0.00011698992937173461,2.6883072544701656e-06,0.0,0.0,0.021851483615569496,0.0050234578340406025,0.013203699743200082,0.0008067901687324787,0.000717044684003414,0.022004561208677095,0.023802962190410518,0.012321485946008355,0.031009559521497396,0.00012302126952859073,4.9421571673003545e-05,0.0,0.0
40.0,0.00019980746418436736,0.010200552423623022,0.004539002309006191,0.005674173003767123,0.0002112583946831555,0.00023528237623641473,0.01485190290529133,0.015981007670416242,0.011246719127728516,0.023033745454916838,0.00011914142292657332,3.76899767191249e-06,0.0,0.0,0.024939155913522033,0.005057930376760404,0.014248694330206967,0.000980334763470801,0.0009823631230611667,0.020767465497168604,0.023970752250265757,0.011933724757581645,0.030942397764654923,0.00012124776414238426,1.891669243223413e-05,0.0,0.0
41.0,0.00019545371037568823,0.009331670513029645,0.004522633241664496,0.005389568788639124,0.00015818240356447484,0.0001754249132547427,0.014062461370467193,0.015261338683441301,0.011122490360625632,0.02233247972224046,0.00012203076392426473,2.6290205377278724e-06,0.0,0.0,0.022344045426537184,0.00495729669723989,0.012268299652159989,0.0008532212346000931,0.0009047087436571377,0.02033182758013489,0.024124463913259935,0.01205995973566028,0.030207802885074596,0.00011899419677856862,1.5532738293429596e-05,0.0,0.0
42.0,0.0001910600336389039,0.009997679376027392,0.004541256975232439,0.005582394491673654,0.00021832961171749197,0.00015863402646294213,0.014462422169582708,0.014807839777684276,0.011153520733001613,0.022382935628632826,0.00011888922643460496,4.122888429869845e-06,0.0,0.0,0.02558326766564755,0.0049929364391744935,0.014179495980852897,0.0009956074942744978,0.001179202921477673,0.02406589376938636,0.025884203330354124,0.01174640929475274,0.029873092162621316,0.00012012225076738165,4.4632421399879464e-05,0.0,0.0
43.0,0.00018663077000249866,0.01144982018942181,0.004550871222514989,0.006019984034123078,0.0002818996157451711,0.0003546089804363988,0.015202720033192433,0.01629148501270006,0.011227258263585806,0.023114679425634117,0.00012057692114735012,5.247212958325093e-06,0.0,0.0,0.030329565607897794,0.005123133988967848,0.015773960688763553,0.0012627058555437067,0.0015622321572000594,0.026344736545636762,0.031299840784860686,0.012386849604272207,0.03325531955380909,0.00010725687707049549,1.662950701574326e-05,0.0,0.0
44.0,0.00018217029061493007,0.009594974778375445,0.004529600264559546,0.005448037703155153,0.00018674241194019872,0.00015597082837881477,0.014157171937408675,0.014834166000721976,0.011049920387848612,0.022004960472770695,0.00011935509970548371,2.567721365506536e-06,0.0,0.0,0.02396958347717224,0.00501230573165797,0.012702429167966628,0.0009836273506391349,0.0009208804701943262,0.022629670573581683,0.025304502887712396,0.012575244441338371,0.032493698487027746,0.0001402342056921878,6.849916399186299e-06,0.0,0.0
45.0,0.00017768299743083345,0.009701704638030608,0.004541198846894004,0.0056045602563787236,0.00019009656158754687,0.00015046195275206434,0.013665109106857075,0.014474768146000136,0.011070106680095271,0.02227612704615119,0.0001161693269395556,3.283989994200627e-06,0.0,0.0,0.023490892277460842,0.004957953732676541,0.01287075526922353,0.0009219831679908312,0.0009572506274730213,0.021791587992128533,0.025128427732613732,0.011852922936191508,0.0307391124441609,0.00011725543273411456,5.710726109225671e-06,0.0,0.0
46.0,0.00017317331886682413,0.009098737510793936,0.0045160862294557295,0.005290478432592396,0.00013916151286241975,0.00017992232809739157,0.013357464965006234,0.014540628413162704,0.010941652153971072,0.021411785759010774,0.00011954052760342461,2.647498886420671e-06,0.0,0.0,0.043056038881510834,0.005161530035490882,0.01843440611112589,0.002129662813346289,0.002458498642085271,0.02508832919640375,0.029568114810333144,0.011393572363170384,0.03334782234980862,9.71136931326089e-05,1.6206369449538752e-05,0.0,0.0
47.0,0.00016864570543118456,0.01058318440481694,0.004537396788045051,0.0056252845862846705,0.00023088667620575453,0.0003061358137131396,0.014649242320430376,0.01593817025160571,0.011015139513367717,0.02209718618207892,0.00011606465791890071,3.3944863104696636e-06,0.0,0.0,0.0328795261758372,0.0050440973819738735,0.015868732362698628,0.0014492743650601474,0.0018008616327025548,0.025048243523132604,0.02954496374949202,0.011449173960231672,0.031654083068849,0.000105070208124356,2.4062321446681784e-05,0.0,0.0
48.0,0.00016410462533175045,0.010009838742412323,0.004522762726897295,0.005516589360334654,0.00020059971941334116,0.0002388772259593354,0.013826704075569041,0.01514766112355553,0.010931457911624974,0.021720641353001755,0.00011973790787986907,8.277197951193737e-06,0.0,0.0,0.026002629829563972,0.004971638593110956,0.014039332093697801,0.00105933459495705,0.0011373213226865805,0.019292412844837688,0.02286738189715953,0.011444941115351851,0.029613300448008736,0.00010671839771889534,3.401910178412382e-05,0.0,0.0
49.0,0.0001595545600663286,0.009506593551370405,0.004512698206301088,0.005420081415406924,0.00016984027574436,0.00019314904363475582,0.012680625257373635,0.013707166886023458,0.010809534796053802,0.021121013957063128,0.00011910071232699785,2.484882574766731e-06,0.0,0.0,0.026239085448099508,0.004985293784501231,0.01447000302754323,0.001045319106651732,0.0011863573629808178,0.020538170165458662,0.02320378847404948,0.011589266693784444,0.03042809448403413,0.000111894962481633,4.656063148210308e-05,0.0,0.0
50.0,0.000155,0.009443036215459772,0.0045227563004342965,0.005315466120674712,0.00016392408900807966,0.00020585266587444287,0.012920375636108497,0.014147135393291734,0.010792252403387359,0.020844346396730034,0.00011415608789505707,2.0117617796708585e-06,0.0,0.0,0.026861870740101382,0.004992580839439888,0.0138602707897395,0.0011832601660723755,0.0010335644062921033,0.01994177715501702,0.022758735629126857,0.011430951478494118,0.030106987804174423,0.0001130319513156449,1.0385680214501124e-05,0.0,0.0
51.0,0.0001504454399336714,0.008075399381834455,0.004493008379570757,0.005152536297568137,7.041614432697642e-05,9.866924599596497e-05,0.01082171552582846,0.012025776732490593,0.010620455128860656,0.020196165900955194,0.00011833436944668869,1.8492239509885131e-06,0.0,0.0,0.024490005947405198,0.004966595103718512,0.01361665564720587,0.0009668157610099487,0.0010135116833978708,0.019454489446810035,0.023304544167867938,0.011596459316158454,0.029624317476877056,0.00011729747870120144,2.624375844462452e-05,0.0,0.0
52.0,0.00014589537466824955,0.009266687898860603,0.004507851816415188,0.005285304290466018,0.00015909570477211615,0.00017310276964937723,0.012340084452763326,0.013049564049432454,0.01061648413571862,0.020323656024776406,0.00011758368481072363,1.9685181866482563e-06,0.0,0.0,0.024565607735462062,0.004967780816267335,0.013446572806239348,0.0009913811907228563,0.0009848521730582733,0.018231017469260535,0.022418014010506086,0.011452910568103285,0.029141030543422722,0.00011632721345606234,1.7740774108698058e-05,0.0,0.0
53.0,0.00014135429456881541,0.009670386219161196,0.004516248055578639,0.005399744041485255,0.00020861022254578456,0.00012070759264180184,0.012384525360169698,0.012242381306340793,0.010642971415163354,0.020402017105566425,0.00011996843441155626,2.1332144331526196e-06,0.0,0.0,0.02958073300539924,0.005025987356059916,0.014890519233348208,0.0012877212742803182,0.0014084363539007532,0.020496443696472733,0.024608875983623695,0.011686413434379902,0.030960676080898426,0.000126065680438976,3.308254089048617e-05,0.0,0.0
54.0,0.0001368266811331759,0.008386469601879963,0.004495278246917614,0.005152920831950417,0.00011230805373370242,6.188624676823232e-05,0.011269861888574723,0.011606831650473722,0.01058263488035375,0.020026820917956697,0.00011871326530028577,2.800754727590372e-06,0.0,0.0,0.031570933400782125,0.005056776246683475,0.015996641716266493,0.001382166226873972,0.0015626864359710752,0.020215894694852292,0.024601924275124414,0.011196506782205866,0.02982712269104162,0.0001071023018241368,3.79462546101859e-05,0.0,0.0
55.0,0.00013231700256916652,0.00823065819106724,0.004493115725915683,0.005152277550906744,9.331230101034046e-05,7.414999400847323e-05,0.01051841604268279,0.011241564067577418,0.010501160739978062,0.019777819730938933,0.00011605541630298771,1.397771442720961e-06,0.0,0.0,0.028526797661410842,0.005017155160794201,0.015254490131841611,0.0011818518229850523,0.001352511472111369,0.020866662328757467,0.02531996659445958,0.01147596060859467,0.03055266839963552,0.00010720439579230157,4.926606332094524e-05,0.0,0.0
56.0,0.00012782970938506993,0.009722293750675267,0.0045100820059173555,0.005376996313916844,0.00018329986366006964,0.00022824446469858818,0.012153655122139959,0.013428384206698486,0.010623496681759137,0.02012280927020832,0.00011856995471117712,2.650332156713176e-06,0.0,0.0,0.02840560144089023,0.005029264661544164,0.014784388065667462,0.0012171889631018963,0.0012686087192616737,0.019859862588269668,0.024104733993375642,0.011498274604148675,0.030384513455992718,0.00011796316328243728,2.642126851466918e-05,0.0,0.0
57.0,0.00012336922999750137,0.008761523998610422,0.004507668326552121,0.005235512672635733,0.0001408550932444107,7.384044483164343e-05,0.011283352592630231,0.011595627447375953,0.010555359745379552,0.01988761790541542,0.00011964666021660235,2.2337352487200397e-06,0.0,0.0,0.030358846784811697,0.005045778711625465,0.01502160696360884,0.0013866642118314377,0.0013098077238133615,0.021617146903557368,0.025062720558499216,0.011444045868167867,0.030283998480433078,0.00011581294469873473,2.038541518896408e-05,0.0,0.0
58.0,0.00011893996636109604,0.009099598538692227,0.004505151418477506,0.00515276141066339,0.00014455093040866032,0.00018891413730441286,0.010845431825563658,0.011855432626252263,0.0104193262886633,0.019120070859007184,0.00011577947687812319,1.2890209131254028e-06,0.0,0.0,0.02658842208584843,0.004983078985513903,0.014098037074902214,0.0011214820310185326,0.0011116532858470804,0.018241850458864183,0.022202869085213323,0.011326568738412356,0.029523511306520124,0.00012324686603927253,1.908940520488959e-05,0.0,0.0
59.0,0.00011454628962431177,0.009230706921629842,0.004507031989983672,0.005217345006387934,0.0001445616810638683,0.00022116474874362297,0.010839006165102173,0.01189871143588814,0.010487899442589665,0.019513256687149805,0.00011713710979695057,1.7288296942240184e-06,0.0,0.0,0.025376099474938275,0.005020652615300725,0.013697912178433965,0.0010949165656353723,0.0008504168632353107,0.018817549934000023,0.02150721671479586,0.01145172552358298,0.03000395391976125,0.00011941660858290144,5.155053818611082e-06,0.0,0.0
60.0,0.00011019253581563266,0.00852986711573477,0.004486619706207711,0.005118918217440731,0.00012381142585275788,7.99038059171419e-05,0.010287078733138631,0.010589279187401763,0.010388630263716395,0.01921607553529382,0.00011860343069122223,1.6250495427706632e-06,0.0,0.0,0.024421054057487797,0.005002047679444085,0.013294217739034228,0.0010190951223745795,0.0008581729619242547,0.018455808413535602,0.020971199856368732,0.011510889274907893,0.029391534428005336,0.0001248894471424793,9.118395662007326e-06,0.0,0.0
61.0,0.00010588300156443275,0.008108211224235341,0.0044854142014862175,0.0049676923545761914,8.379059959209686e-05,9.839364620527053e-05,0.009789190431204922,0.010689114463352604,0.010274373078415737,0.018594950786881222,0.00011680128779209137,1.1950240069350615e-06,0.0,0.0,0.027021105942561113,0.004981412647151076,0.014450505719032364,0.0011112934547927431,0.0012317122289228703,0.017328102074823052,0.021544353045965928,0.011165735008840098,0.028809786035648745,0.00011270508793370295,3.667077884523765e-05,0.0,0.0
62.0,0.00010162193986072173,0.008444374484228852,0.004492174135675783,0.00515196589506242,9.269662528587776e-05,0.0001478056057239808,0.009873888835925614,0.010986478392931015,0.01036358385829075,0.019024230530015434,0.00011591827469818125,1.9196461919184727e-06,0.0,0.0,0.020665768128817378,0.004978261374732983,0.012482582164876311,0.0006681767528908629,0.0009191326263418409,0.017106367172062643,0.02175419857214037,0.011820754053483366,0.02909765706099875,0.0001341952367201735,1.7055695929299497e-05,0.0,0.0
63.0,9.741355585795679e-05,0.008967809208549221,0.004492500646789452,0.0052130932048818105,0.0001318413687444661,0.0001815177721513126,0.009689265331900062,0.010703010781893143,0.010250062748070119,0.01857408153882492,0.00011547148616275883,1.0656106013392513e-06,0.0,0.0,0.029309380964165386,0.005035158285923511,0.015186945540924663,0.0012742214715955448,0.0013109097826115624,0.019271713206315506,0.023337873172198164,0.011539011361596525,0.030983230585736207,0.00010860634647561248,1.8735847647956294e-05,0.0,0.0
64.0,9.326200272306445e-05,0.007508880573099605,0.004469914229486852,0.004926876860258295,4.526448236877136e-05,3.901049127347568e-05,0.008612622771065661,0.009260784465721287,0.010123432706134756,0.018054660937987226,0.00011626936085736483,1.906519785391763e-06,0.0,0.0,0.027844981908766966,0.0050295866054627415,0.014896283783314845,0.0011820147084112339,0.0011803239754436007,0.017923076663807522,0.021541636360839743,0.011338741211774072,0.030085376075461325,0.00011408957026351792,2.1438471007050518e-05,0.0,0.0
65.0,8.917137753776572e-05,0.007959950904482047,0.00448030174664262,0.004919141302857731,7.179866607246637e-05,9.874996952902385e-05,0.008818646234322016,0.00972187937751065,0.010128093936726118,0.017808680877169674,0.00011642341423489016,1.0385020574416604e-06,0.0,0.0,0.02205524135653653,0.004961849137394021,0.013015510827669653,0.0008246427006851577,0.0007775403560359694,0.016870984914483595,0.020168616753224223,0.011605701536669198,0.02958058327871573,0.0001234994628990147,2.0689691174757705e-05,0.0,0.0
66.0,8.514571725525126e-05,0.007779766685042918,0.004474564321227457,0.004935765484405625,7.204827514754824e-05,3.6995225504505633e-05,0.008753961645822678,0.008957599804651011,0.010120245905093373,0.017968462809467893,0.00011659732081310474,1.0652322860507407e-06,0.0,0.0,0.028526303423024698,0.005043588634596737,0.01522059986775991,0.0012240660809587352,0.0012085430679621078,0.017934355062249375,0.021281863784142693,0.011456110337214758,0.030466106279417263,0.00011366713125168839,2.2111573968950214e-05,0.0,0.0
67.0,8.118899471619615e-05,0.007792907943417882,0.004471583779703864,0.004912354087143518,7.001299218851413e-05,5.306435740050919e-05,0.008744811973969523,0.00926160363181223,0.010090018524087979,0.017837001159314716,0.00011607175326911293,1.0291962834578319e-06,0.0,0.0,0.020717979596872178,0.004974298553823238,0.012358089147464404,0.0007757347929752735,0.0006001984147881327,0.016289954772219062,0.01970628408341073,0.011846082498792742,0.02948391254701209,0.00012842947119942377,1.3586914349960245e-05,0.0,0.0
68.0,7.730511472804546e-05,0.00781687684810837,0.00447675321450168,0.004914274899839889,5.983780442683041e-05,9.293411198873845e-05,0.008504313933146464,0.0093812541189085,0.010100390161610729,0.017720818187675888,0.00011569109489086634,1.0647273944858532e-06,0.0,0.0,0.02994359404811937,0.005032186492837622,0.01588282892181105,0.0012712721362113071,0.0014169528826269164,0.01943888259501975,0.02340438251849264,0.011221100714584415,0.030226987765598127,0.00011182992115149706,4.1050588879565724e-05,0.0,0.0
69.0,7.349791021144105e-05,0.008308791914940942,0.004480979221736056,0.00499353225517955,9.455507548342403e-05,0.0001265717045781263,0.00873978763423591,0.009632706409499198,0.010055446557036324,0.01773471838613061,0.00011522713229300506,9.67402271753793e-07,0.0,0.0,0.02705143469315548,0.005017111982102715,0.015474725409909356,0.0010773012099181242,0.0011723284973810656,0.017268210252533195,0.021069330329335004,0.01141460648056532,0.030167066898639697,0.00011635241784569054,5.7267143548883466e-05,0.0,0.0
70.0,6.977113841759141e-05,0.0077767275568074445,0.004468155311044633,0.004942498029219337,5.741839962443684e-05,8.578628219525013e-05,0.007889917300254786,0.008890359257778585,0.00998285842919591,0.017457310283089368,0.0001152688069122237,8.504702194231113e-07,0.0,0.0,0.023558300042451696,0.005000516980156836,0.014461537830677534,0.0008524366873464968,0.0009318708447045672,0.016819809601626923,0.02096243864536041,0.011657647448820902,0.03001864798382291,0.00011435661079557293,6.581704847508664e-05,0.0,0.0
71.0,6.61284772203184e-05,0.008163095957714951,0.0044786451400645536,0.004951350885377949,9.678964251268672e-05,7.834813703293154e-05,0.008495235726282156,0.008843150504301855,0.010010211912009797,0.017453038595643542,0.0001163713336997348,8.011692679709914e-07,0.0,0.0,0.022324054804499373,0.004952351574366193,0.013401048647986007,0.0008168840006223796,0.0008317652436185423,0.015495806948671148,0.018752764515410802,0.011507724912753176,0.02912957608493686,0.00012135743172639642,4.878178444550356e-05,0.0,0.0
72.0,6.257352148644e-05,0.007481011344356018,0.004463800891005934,0.004854847019341245,4.758147778998007e-05,3.604584993449789e-05,0.0077083726844729104,0.00834481325871477,0.009931824059394322,0.017191697656893552,0.00011628820652469368,1.0087292533238786e-06,0.0,0.0,0.022920458770803648,0.004959220031430207,0.013706824274277841,0.0008437459408063004,0.0008877254759163705,0.015690062050020596,0.01970503325803114,0.011334784088950207,0.02854171730711537,0.00012248603718303532,5.3321067969396916e-05,0.0,0.0
73.0,5.910977952807051e-05,0.008039812776300642,0.004482341173674066,0.004966502054865884,7.932154689361662e-05,9.17389743929874e-05,0.007819836862602892,0.008738840550046806,0.009968909838356415,0.017184023374785622,0.00011545992706812665,7.59643890817686e-07,0.0,0.0,0.02169384482275462,0.004965537380618586,0.013446152073036084,0.0007754992154330422,0.0007477132947195835,0.01497201624872224,0.018659060318061135,0.01148293245789885,0.028940052208185317,0.00012303251372434372,4.7417765369595985e-05,0.0,0.0
74.0,5.5740669640340145e-05,0.007748399223363236,0.004472224779197703,0.0049333759902787586,6.276458003396854e-05,5.8667097166968644e-05,0.007606878812259477,0.008291667062181205,0.009905832881919702,0.01703034677021845,0.00011647059055417236,7.928264384086621e-07,0.0,0.0,0.026247900424871167,0.005029774871733569,0.01495865881880774,0.001074314238784885,0.0009963733906548985,0.016694462090944412,0.019607379160378677,0.01137794409764045,0.02970282568359656,0.00011534085036157462,3.837243151944094e-05,0.0,0.0
75.0,5.246951672795063e-05,0.008031866273084188,0.004473102801172508,0.004930161377082339,8.218146598238143e-05,8.871709195084238e-05,0.0075543470274587335,0.008263035739891091,0.00986905926024833,0.016832681734266646,0.00011404526944307096,7.284723312587131e-07,0.0,0.0,0.022274293878014804,0.004964068704753043,0.013424032981797833,0.0008072502378965629,0.0008395695758773385,0.01595111994729301,0.019686148125968386,0.011588488463560486,0.029028446088186236,0.0001234719098008219,4.122137324450726e-05,0.0,0.0
76.0,4.929954902389537e-05,0.008027020613197,0.004477228760132667,0.005029749865917195,8.1995790515229e-05,6.973776201199242e-05,0.007539967970162355,0.008170495167911022,0.009900211503449087,0.017022607369859524,0.0001145795078209486,8.368770208547658e-07,0.0,0.0,0.022818257572624612,0.005001265814931484,0.013949231793816819,0.0008415902033537678,0.0008065140558919964,0.0159599795979524,0.0195668738995694,0.01162986074704066,0.029412642313114017,0.00012304130196384233,3.898641929543668e-05,0.0,0.0
77.0,4.623389490358338e-05,0.007631949616045851,0.004468305257085363,0.004849916381764773,4.671579120815986e-05,8.857435799430753e-05,0.007244134553983261,0.008279881498683554,0.009877314928109211,0.016799545811086915,0.00011581322380603083,7.266293458469236e-07,0.0,0.0,0.022086236324017204,0.004979315908560209,0.013725591090003379,0.0007928424694992067,0.0007694966138879849,0.015975556130230915,0.0198085076179447,0.011603013753555104,0.029169840075945877,0.00012452540085509784,4.9200818464467346e-05,0.0,0.0
78.0,4.327557979751058e-05,0.007807599662762191,0.0044681958418075355,0.004844104964371096,5.583360835822167e-05,0.00011772900835430233,0.00719083469793441,0.008151577545800958,0.009845427482510848,0.01659544446041973,0.00011626132871747321,7.540374117110569e-07,0.0,0.0,0.021077591324161614,0.005007405799985321,0.012803947274703398,0.0007614552406140006,0.0006822594021447211,0.01598972734827243,0.019798233509674423,0.011885609907636296,0.02938225983783267,0.00013318975251996697,1.109797280953305e-05,0.0,0.0
79.0,4.0427523205524896e-05,0.007347175366325863,0.004458209865681768,0.004816616336939915,3.8466834360245656e-05,3.0035901483737244e-05,0.006868979399210134,0.007461113404256394,0.009813422654057935,0.016572091604367973,0.00011731481513634712,7.780621591747902e-07,0.0,0.0,0.0202865363239429,0.004976045415161457,0.01252281396727249,0.0007488830098287642,0.0005178827704926856,0.0149121218891509,0.01824526251179212,0.011611221617251848,0.028897650375748513,0.0001276768503623398,1.1122962621275917e-05,0.0,0.0
80.0,3.7692535815632644e-05,0.00784224014058121,0.00446577042555695,0.004896924051968449,6.009179495290739e-05,0.0001070780467861199,0.006914287521244966,0.007716040189258417,0.009785933059929194,0.01638622446352668,0.00011685121094872313,6.50759820636188e-07,0.0,0.0,0.019475841756860467,0.004952940361622346,0.011807347251962084,0.0006970707746445516,0.0005472075537068867,0.015228609626990606,0.01858776550907947,0.011621266145442352,0.028292968603935032,0.00013356244195075886,1.0914938262544918e-05,0.0,0.0
81.0,3.507331673018857e-05,0.007744145789768288,0.00446330220406802,0.00483841595085045,6.74871729656716e-05,6.032274296000543e-05,0.006888106036902642,0.007283231385349044,0.009752715043814258,0.01629881681494993,0.00011565000333127076,6.560601655240935e-07,0.0,0.0,0.01999908509595593,0.004971111957440714,0.012376779004402214,0.0007201779501857629,0.0005436727891660145,0.015202365325168386,0.019013724464457482,0.011631049715329847,0.028920698472008597,0.00013029715146088716,1.3512064950682487e-05,0.0,0.0
82.0,3.257245080220785e-05,0.00810902038226243,0.004480521944276703,0.004902128348927389,7.064611114029113e-05,0.00015507059821184848,0.006850783420855987,0.008136830157107599,0.009792331738104934,0.01633819870320522,0.00011497118122118722,6.390295915592151e-07,0.0,0.0,0.022767471551634996,0.004995239296799362,0.01328269160012869,0.0009175362074827598,0.0006496515337588692,0.015767832689338408,0.01883902637188735,0.011452814800756389,0.029084364714704027,0.00012547775821292547,1.4807186076646456e-05,0.0,0.0
83.0,3.019240608442816e-05,0.00759555194571055,0.00446530529005079,0.0048141267114534736,4.8781057982360286e-05,7.65227168959804e-05,0.00655173756649406,0.00726942016995819,0.009719374431299568,0.016120660634171634,0.00011585982423643701,5.774516666720193e-07,0.0,0.0,0.019475725138989698,0.004959305743108282,0.012007519283639847,0.0006862731965507233,0.0005476888754362305,0.01455776691894795,0.018518254780172386,0.011634857807934407,0.02820367889944464,0.00013179178238745213,1.3558940108829616e-05,0.0,0.0
84.0,2.7935531393639787e-05,0.007748290006985352,0.004466009961004867,0.004855751684056174,6.119803431317075e-05,7.887257703150765e-05,0.0065754304422614915,0.007217445075053787,0.009740988970663786,0.01619162427200863,0.00011589374265874019,5.703418438025935e-07,0.0,0.0,0.019987285197605727,0.00495679622946268,0.012202635265193898,0.0007271820819335621,0.0005501269462480777,0.015206865620890969,0.018965589904539348,0.011629569544609576,0.028772891466658502,0.00013423898730677332,1.290980780922313e-05,0.0,0.0
85.0,2.5804053992686677e-05,0.007690449121543639,0.00446411321638866,0.004802542791050712,5.096089609244383e-05,0.00010319636494722497,0.00629609914068462,0.0072721722491644845,0.00968812888111397,0.015935024740510863,0.00011712945510842886,5.031367750640503e-07,0.0,0.0,0.021592089096004918,0.004978226343063468,0.012984214265685056,0.0008324161004523256,0.0005969383585115569,0.015370050107403735,0.01877617657844924,0.011498003218086346,0.029055339421649447,0.00013019421890086706,1.3462784170184447e-05,0.0,0.0
86.0,2.38000773924272e-05,0.007116749940383745,0.0044519410366378395,0.0047704157114415845,2.067671851963245e-05,2.2313321407444497e-05,0.006003802914607648,0.006606128302054652,0.009666205025195709,0.015958638240655066,0.00011764474021629363,5.861160198531918e-07,0.0,0.0,0.019935576213624774,0.004955772349831954,0.012202449821128926,0.000743387057850743,0.00047933031776695124,0.015059630346453946,0.018068019119396685,0.011496089748106897,0.02841182735168421,0.0001294342244002527,1.227192842383447e-05,0.0,0.0
87.0,2.1925579275822772e-05,0.0073006923599841555,0.004453172693857346,0.0047592604010937515,3.4444815493245175e-05,3.918907843719387e-05,0.006062576015626135,0.006582029640117181,0.009646574087186124,0.015851226902528433,0.00011725875724920205,5.601064831805646e-07,0.0,0.0,0.01946857967218644,0.004950921364523265,0.012234100413762895,0.0006943583936074596,0.0004834483972680774,0.014464095091737319,0.01787572728611193,0.011487912596107965,0.028299519729220353,0.00012738385169832028,1.5503225633234817e-05,0.0,0.0
88.0,2.018240954620356e-05,0.007541607894666031,0.004460388177367063,0.0048042329989368675,5.139375613991415e-05,5.310586020072915e-05,0.006255859682227163,0.00693052692580782,0.009647061643144151,0.015810905787029574,0.00011674948366596121,5.285002326424478e-07,0.0,0.0,0.018518931424027794,0.004970965462579066,0.012440885935620082,0.0006019003152054486,0.0004338651125259335,0.014166372180267497,0.01790704911185398,0.011591496954664405,0.028531850329943795,0.0001324881524831161,1.5033511858776582e-05,0.0,0.0
89.0,1.8572288501637315e-05,0.007372382039487985,0.004458576825138498,0.004786210309511269,4.543468640535672e-05,2.016115196149e-05,0.005925750085602479,0.0062816046313636815,0.00962941695081417,0.015707659596195977,0.00011719007775385133,5.095710169670683e-07,0.0,0.0,0.018741506151735712,0.004967988200463912,0.012415798230063791,0.0006134071827956013,0.0004748283810223912,0.01412107730112573,0.018001778041714895,0.011566523511676485,0.028242209040727773,0.0001346134240772371,1.6530415689835953e-05,0.0,0.0
90.0,1.7096805137202745e-05,0.007498147643563538,0.004458005966634089,0.004775085152348047,5.7153493322443015e-05,2.5060354239859028e-05,0.006017654475617831,0.0064653223258751705,0.009622912005672401,0.01567620346802276,0.00011745183508650843,5.257218424745289e-07,0.0,0.0,0.019611830882926458,0.004964778400151914,0.01242570758960833,0.0006727549158251693,0.0005665274180327675,0.014293071511392405,0.01828760680261633,0.011581144974086067,0.028417935976605923,0.00013429970327486624,1.76010104601153e-05,0.0,0.0
91.0,1.5757415576843278e-05,0.007659919634959665,0.004467189630074584,0.004831581045161936,5.5664920751420455e-05,7.147842461703229e-05,0.005960588470385788,0.006640166516339178,0.00962539212875447,0.015780561754531068,0.00011690871760779853,4.771332768695929e-07,0.0,0.0,0.018519180378983736,0.004955992494385965,0.012195916049557902,0.0006164632056740003,0.0004311423127643645,0.01400549566854158,0.017512022742818368,0.011521589490451439,0.028201104570218346,0.00013684875196651,1.642185720126746e-05,0.0,0.0
92.0,1.4555441636348516e-05,0.007405567263732534,0.004454446426734765,0.004794285980905497,3.7034659565001016e-05,5.9258045047544736e-05,0.005771314149854651,0.0064803883818708614,0.009564981825793862,0.015594672168648696,0.00011695482410381934,4.6933978140544385e-07,0.0,0.0,0.018938982322279266,0.004972728919663265,0.012396869306485314,0.0006337307977986949,0.0004744842390759466,0.014278608001196055,0.01779372362156597,0.01163812586894549,0.02845123204971343,0.0001347427642501696,1.606073109448812e-05,0.0,0.0
93.0,1.3492069518881642e-05,0.00737388197483188,0.004459751210673631,0.004753973557415111,3.354167119340263e-05,6.529268472425287e-05,0.005822798931818955,0.0064993198825484995,0.009585778117444736,0.015596429283353433,0.00011679693140265037,4.7099296194322053e-07,0.0,0.0,0.019062464914254708,0.004965077727786418,0.012249115230480263,0.0006494927237695936,0.0004903410799847436,0.014031287327553833,0.018006253550516167,0.011585540677798668,0.028031311892965413,0.00013108996882528728,1.6279165068684322e-05,0.0,0.0
94.0,1.2568348644340139e-05,0.007613312902720395,0.004464702073118379,0.004801243123863828,6.707684568042996e-05,2.3789065207326896e-05,0.005916742300731637,0.006221720060921085,0.00960675787367738,0.015559938072904376,0.00011685860086814396,5.353669291782779e-07,0.0,0.0,0.018051904481640645,0.004945531557680971,0.011659985069839974,0.0006040655421742724,0.0004096218042601232,0.014008203739888172,0.01743329966394994,0.011646671922491924,0.028224651086273925,0.00013431945446006362,7.1799922188236415e-06,0.0,0.0
95.0,1.1785190613705043e-05,0.0073697223733061755,0.004455831120380866,0.00476587710091781,3.8374709880703755e-05,4.7120518174098705e-05,0.005763415035429236,0.006357303949522989,0.009586202682244329,0.015540892210205128,0.00011669713610707622,4.5951465800808215e-07,0.0,0.0,0.01783849826654764,0.004931560277220965,0.011546960542072618,0.0006074504230002917,0.0003507357753203935,0.013650150306438874,0.016956327839937734,0.011521271652767251,0.027928766652323366,0.00013169394924587873,8.077702768777148e-06,0.0,0.0
96.0,1.1143368309400727e-05,0.007541193412378828,0.004454698242403266,0.004794216245139416,5.098898885455819e-05,5.787231127354491e-05,0.005798678978971704,0.006278326426368553,0.009577267714694969,0.015558666755788195,0.00011740057479504214,5.08813807953099e-07,0.0,0.0,0.017904699654603763,0.004932815523145974,0.011585798197011471,0.0006170514518642068,0.0003339301619897454,0.013746306132219855,0.01676537608823235,0.011514808623822497,0.02810528722007713,0.00013045281374584342,7.871098703102982e-06,0.0,0.0
97.0,1.0643515132553402e-05,0.007070259492006917,0.004447980403605179,0.0047122621626917455,2.051286113363225e-05,1.8385077608161408e-05,0.005506570580292062,0.006053319651621093,0.009545300095030705,0.015429332845205073,0.00011710636858486651,4.426787263329068e-07,0.0,0.0,0.0176152638865818,0.00492426914721535,0.01140084262871943,0.0006022263068963579,0.00032052352413231467,0.013698220077413515,0.016680107451021123,0.011443484607477078,0.027695557965179446,0.00013153495245235523,8.126004893243291e-06,0.0,0.0
98.0,1.0286124377900626e-05,0.007234365383863495,0.004453264402570344,0.004734480695320282,3.1346595007351306e-05,3.152084132133466e-05,0.005591433333023493,0.0061404462447979345,0.009554107195933716,0.015421689974056768,0.00011644840255987696,4.864852984402731e-07,0.0,0.0,0.017665500934765346,0.004938664750869468,0.011615508037326049,0.0005858724694385236,0.0003511596375418679,0.0137367713337642,0.01698542772563266,0.011537579138721263,0.027997113269043812,0.00013428606342860103,8.20717795408743e-06,0.0,0.0
99.0,1.007154874696892e-05,0.007463092492060296,0.004458274566326257,0.004795717787698166,4.0254486509822315e-05,6.61966877478808e-05,0.005696452430361376,0.0064625334789937825,0.009548223212832843,0.01551723053183501,0.00011631652721438275,4.133860739994292e-07,0.0,0.0,0.0176984563092193,0.004935125356158163,0.011551022187322665,0.0005958971183905178,0.00034068525254640726,0.013897022752465344,0.0169935567193802,0.011543785691830009,0.028038414263884065,0.00013263018535769974,8.110948486326972e-06,0.0,0.0
100.0,1e-05,0.007445324288919975,0.004459092587319677,0.004742917928793925,4.4264799891293604e-05,5.543351666220708e-05,0.0056725095097541565,0.006373071093126547,0.009560391799770602,0.015418718449075598,0.00011628814764941751,4.905177867052902e-07,0.0,0.0,0.017727812012544447,0.004939861625126323,0.011627784256707394,0.0005882442606660289,0.0003615964346994081,0.013867554982902756,0.0170862630895171,0.011551232474615614,0.028045341395391304,0.00013301568785235475,8.788698689983839e-06,0.0,0.0
